{
    "A_power": [
        [0.16108, 0.0, 0.0, 0.09503, 0.0, 0.0],
        [0.0, 0.0036872, 0.0, 0.0, 0.0031648, 0.0],
        [0.0, 0.0, 0.2359, 0.0, 0.0, 0.19355]
    ],
    "B_power": [
        [0.035117, 0.0, 0.0],
        [0.0, 0.041216, 0.0],
        [0.0, 0.0, 0.027095]
    ],
    "C_power": [
        [0.0],
        [0.0],
        [0.0015144]
    ],
    "a_pressure": [9.2727E-05],
    "b_pressure": [2.5979E-08],
    "c_pressure": [0.53955],

    "speed_breakpoint": 600,
    "picewise_slope_below": 0.08378681,
    "piecewise_slope_above": 0.8371
}